-- 当前数据库数据导出
-- 数据库: ai_guide_platform
-- 导出日期: 2026-06-21
-- 说明: 先清空表数据，再写入当前数据库中的所有记录；请先执行建库建表 SQL。

CREATE DATABASE IF NOT EXISTS `ai_guide_platform` DEFAULT CHARACTER SET utf8mb4 COLLATE utf8mb4_unicode_ci;
USE `ai_guide_platform`;

SET NAMES utf8mb4;
SET FOREIGN_KEY_CHECKS = 0;

-- 清空现有数据，避免重复主键或唯一键冲突
DELETE FROM `ai_chat_record`;
DELETE FROM `ai_guide_log`;
DELETE FROM `file_resource`;
DELETE FROM `guide_route`;
DELETE FROM `guide_route_i18n`;
DELETE FROM `guide_route_spot_rel`;
DELETE FROM `scenic_category`;
DELETE FROM `scenic_spot`;
DELETE FROM `scenic_spot_i18n`;
DELETE FROM `scenic_spot_media`;
DELETE FROM `sys_user`;
DELETE FROM `user_favorite`;
DELETE FROM `user_feedback`;

-- 1. ai_chat_record (10 rows)
INSERT INTO `ai_chat_record` (`id`, `user_id`, `scenic_spot_id`, `route_id`, `question_type`, `question_content`, `prompt_text`, `answer_content`, `model_name`, `language_code`, `create_time`, `update_time`, `deleted`) VALUES
(1, 1, 1, NULL, 'QUESTION', '请详细讲解 故宫博物院，重点说历史背景、文化特色和参观亮点。', '作为智能导游，请回答游客的问题。\n游客问题：请详细讲解 故宫博物院，重点说历史背景、文化特色和参观亮点。\n当前景点：故宫博物院 - 中国明清两代的皇家宫殿，世界上现存规模最大的宫殿型建筑\n请用中文回答。', '# 🏯 故宫博物院详细讲解\n\n欢迎来到故宫！这座承载着六百年沧桑历史的皇家宫殿，正等着您去探索它的每一个角落。下面让我为您详细解读这座\"紫禁城\"的魅力。\n\n---\n\n## 📜 历史背景\n\n### 建造历程\n故宫的建造始于**明成祖永乐四年（1406年）**，历时**14年**建设完成，于**1420年**正式投入使用。据记载，当年征调了全国各地的能工巧匠约30万人，以及超过100万的民夫参与建设。\n\n### 营建者\n明初著名工匠**蒯祥**被任命为设计主持，他技艺超群，据说能双手同时画龙，一气呵成，因此被誉为\"蒯鲁班\"。\n\n### 历史沿革\n| 时期 | 简介 |\n|------|------|\n| 明代 | 始建，朱棣迁都北京后定为皇宫 |\n| 清代 | 沿用并加以修缮改建，融入满族文化元素 |\n| 1912年 | 溥仪退位，清朝结束 |\n| 1925年 | 正式成立\"故宫博物院\"，向公众开放 |\n| 1987年 | 被列入**世界文化遗产**名录 |\n\n> 💡 **小知识**：1912年溥仪退位后，仍在宫中居住了13年，这就是著名电影《末代皇帝》的故事背景。\n\n---\n\n## 🎨 文化特色\n\n### 建筑布局哲学\n故宫严格按照**《周礼·考工记》**的\"前朝后寝\"原则布局，体现了**儒家礼制思想**和**阴阳五行学说**：\n\n- **外朝**：皇帝举行大典、召见群臣的场所（阳）\n- **内廷**：帝后居住、处理日常事务的地方（阴）\n- **中轴对称**：以子午线为中轴，建筑左右均衡排列\n\n### 色彩文化\n故宫的主色调为**红墙黄瓦**，这不是随意选择：\n- **黄色**：代表皇家权威，五行中属土，居中央，象征至高无上\n- **红色**：象征喜庆、庄重与驱邪护佑\n\n### 数字密码\n故宫有**9999.5间房**（传言之说），取\"满\"', 'MiniMax-M2.7', 'zh-CN', '2026-06-17 10:18:57', '2026-06-17 10:18:57', 0),
(2, 1, NULL, NULL, 'RECOMMEND', '路线推荐', '请根据以下游客需求推荐合适的游玩路线和景点安排。\n时间预算：2天\n兴趣偏好：历史文化\n出行人群：文化爱好者/家庭\n请用中文回答。', '# 🏛️ 历史文化2日游推荐\n\n您好！很高兴为您规划历史文化主题的旅行路线 😊\n\n---\n\n## 📍 请确认目的地\n\n为了给您更精准的推荐，请告诉我您计划前往的城市？以下是热门历史文化目的地供您参考：\n\n| 目的地 | 代表景点 |\n|--------|----------|\n| **西安** | 兵马俑、古城墙、大雁塔、回民街 |\n| **北京** | 故宫、长城、颐和园、天坛 |\n| **南京** | 中山陵、夫子庙、明孝陵、老门东 |\n| **洛阳** | 龙门石窟、白马寺、丽景门 |\n| **苏州** | 拙政园、平江路、虎丘 |\n| **成都** | 武侯祠、锦里、杜甫草堂 |\n\n---\n\n## 📝 请补充以下信息\n\n1. **目的地是哪里？**\n2. **出行月份/季节？**\n3. **交通方式**：自驾/高铁/飞机？\n4. **预算偏好**：经济型/舒适型/品质型？\n5. **家庭成员构成**（是否有老人/儿童）？\n\n---\n\n确认后，我会为您定制一份**详细的2日行程安排**，包括：\n- ✅ 每日景点游览顺序\n- ✅ 建议游览时长\n- ✅ 特色美食推荐\n- ✅ 交通与住宿建议\n\n请告诉我您的目的地和偏好吧！🎒', 'MiniMax-M2.7', 'zh-CN', '2026-06-17 10:23:59', '2026-06-17 10:23:59', 0),
(3, 1, NULL, NULL, 'COMPARE', '对比秦始皇兵马俑和西湖', '请对比以下两个景点，分析各自的特色、适合人群和游览建议。\n景点A：秦始皇兵马俑 - 世界第八大奇迹，中国第一位皇帝的地下军阵\n景点B：西湖 - 欲把西湖比西子，淡妆浓抹总相宜\n请用中文回答。', '# 秦始皇兵马俑 vs 西湖\n\n这两个景点都是中国的世界文化遗产，各有千秋，让我为您详细对比分析：\n\n---\n\n## 🏛️ 秦始皇兵马俑\n\n### 特色亮点\n- **世界第八大奇迹**，展现了秦始皇横扫六国的军事雄心\n- **三大俑坑**共出土数千件陶俑、陶马，场面震撼\n- 铜车马等文物工艺精湛，体现两千年前的最高铸造水平\n\n### 适合人群\n- 历史爱好者、文化探索者\n- 中小学生研学游\n- 对古代军事感兴趣的游客\n\n### 游览建议\n- 📅 建议安排 **半天时间**\n- 🎫 提前网上购票，避免排队\n- ⚠️ 避开国庆、春节等高峰期\n- 📸 一号坑最为壮观，建议重点游览\n\n---\n\n## 🌸 西湖\n\n### 特色亮点\n- **\"淡妆浓抹总相宜\"** 的诗意山水\n- 十景闻名（断桥残雪、苏堤春晓等）\n- 白娘子传说、苏轼等文人墨客留下无数佳话\n\n### 适合人群\n- 休闲度假、家庭出游\n- 摄影爱好者\n- 喜欢慢节奏深度游的游客\n\n### 游览建议\n- 📅 建议安排 **一整天**，可骑行或泛舟\n- 🚶 推荐走苏堤、白堤，感受诗意\n- 🍵 可搭配龙井问茶，体验杭州慢生活\n- 🌅 清晨或傍晚的西湖最有韵味\n\n---\n\n## 💡 综合建议\n\n| 对比维度 | 兵马俑 | 西湖 |\n|---------|-------|------|\n| 旅行节奏 | 紧凑震撼 | 悠闲慢游 |\n| 季节影响 | 四季皆宜 | 春秋最佳 |\n| 文化感受 | 厚重历史 | 诗意浪漫 |\n\n如果您时间有限，**第一次来中国**建议先看兵马俑，感受中华文明的厚重；若追求**身心放松**，西湖的诗画意境更合适。\n\n请问您对哪个景点更感兴趣呢？我可以提供更详细的游览攻略～', 'MiniMax-M2.7', 'zh-CN', '2026-06-17 10:36:13', '2026-06-17 10:36:13', 0),
(4, 1, NULL, NULL, 'RECOMMEND', '路线推荐', '请根据以下游客需求推荐合适的游玩路线和景点安排。\n时间预算：三天\n兴趣偏好：历史文化\n出行人群：个人\n请用中文回答。', '# 🏛️ 历史文化三日游推荐\n\n您好！很高兴为您规划历史文化主题的旅行～\n\n为了给您更精准的推荐，请告诉我您想前往的**目的地城市或地区**是哪里呢？\n\n例如：\n- **古都西安**（兵马俑、大雁塔、城墙）\n- **首都北京**（故宫、长城、颐和园）\n- **江南苏州/杭州**（古典园林、水乡古镇）\n- **中原洛阳/开封**（龙门石窟、清明上河园）\n- **其他城市**\n\n告诉我目的地后，我会为您提供：\n✅ 每日详细行程安排\n✅ 门票价格参考\n✅ 交通路线建议\n✅ 特色美食推荐\n\n请问您想去哪里游玩呢？😊', 'MiniMax-M2.7', 'zh-CN', '2026-06-17 10:37:11', '2026-06-17 10:37:11', 0),
(5, 1, 1, NULL, 'QUESTION', 'How should I plan a visit to The Forbidden City?', '作为智能导游，请回答游客的问题。\n游客问题：How should I plan a visit to The Forbidden City?\n当前景点：故宫博物院 - 中国明清两代的皇家宫殿，世界上现存规模最大的宫殿型建筑\nPlease answer in English.', 'AI服务暂时不可用，请稍后重试。', 'MiniMax-M2.7', 'en-US', '2026-06-18 15:05:20', '2026-06-18 15:05:20', 0),
(6, 1, 1, NULL, 'QUESTION', 'How should I plan a trip to this scenic spot?', '作为智能导游，请回答游客的问题。\n游客问题：How should I plan a trip to this scenic spot?\n当前景点：故宫博物院 - 中国明清两代的皇家宫殿，世界上现存规模最大的宫殿型建筑\nPlease answer in English.', '# 🏯 Planning Your Visit to the Forbidden City\n\nGreat choice! The Forbidden City is truly magnificent. Here\'s how to plan your trip:\n\n## 🎫 Booking & Tickets\n- **Book online in advance** via the official WeChat mini-program or website (required)\n- Peak season (Apr-Oct): ¥60/person | Off-season: ¥40/person\n- Select your entry time slot (morning or afternoon)\n- Visit the Palace Museum\'s website: **dpm.org.cn**\n\n## ⏰ Best Time to Visit\n| Season | Pros | Cons |\n|--------|------|------|\n| **Spring (Apr-May)** | Pleasant weather, beautiful flowers | Crowded |\n| **Fall (Sep-Oct)** | Clear skies, stunning autumn colors | Peak tourism |\n| **Winter** | Fewer crowds, unique atmosphere | Cold temperatures |\n| **Summer** | Long daylight hours | Very hot & crowded |\n\n📌 **Tip:** Arrive when gates open (8:30 AM) to beat the crowds.\n\n## 🗺️ Suggested Route (2-3 hours)\n**Main Entrance (Meridian Gate) → Southern Courtyard → Hall of Supreme Harmony → Hall of Central Harmony → Hall of Preserving Harmony → Imperial Garden → Northern Exit (Shenwu Gate)**\n\n## 🎒 Practical Tips\n- Wear **comfortable walking shoes**\n- Bring **sun protection** and water\n- Audio guides or guided tours are highly recommended\n- Combine with **Jingshan Park** (north gate) for a panoramic view\n- The **Treasure Gallery** and **Clock Gallery** require separate tickets\n\n## 🚇 Getting There\n- Metro: **Line 1** to Tiananmen East/West station\n- Bus: Multiple routes available\n\nWould you like more details on any specific aspect? 😊', 'MiniMax-M2.7', 'en-US', '2026-06-18 15:06:09', '2026-06-18 15:06:09', 0),
(7, 1, 1, NULL, 'QUESTION', 'How should I plan a trip to this scenic spot?', '作为智能导游，请回答游客的问题。\n游客问题：How should I plan a trip to this scenic spot?\n当前景点：故宫博物院 - 中国明清两代的皇家宫殿，世界上现存规模最大的宫殿型建筑\nPlease answer in English.', '# 🏯 Planning Your Visit to the Forbidden City\n\nGreat choice! The Forbidden City is truly a magnificent treasure. Here\'s your complete planning guide:\n\n---\n\n## 📅 Best Time to Visit\n- **Spring (Apr-May)** and **Fall (Sep-Oct)** are ideal — mild weather, beautiful scenery\n- **Avoid:** Chinese National Holiday (early Oct) — extremely crowded\n- **Best hours:** Arrive when it opens (8:30 AM) to avoid crowds\n\n---\n\n## 🎫 Tickets & Reservations\n- Book online at least **3-5 days in advance** via the official WeChat mini-program or **https://gugong.ktmtech.cn**\n- Ticket price: **60 RMB** (April-October), **40 RMB** (Winter)\n- Closed every **Monday** (except public holidays)\n\n---\n\n## 🚇 How to Get There\n| Option | Details |\n|--------|---------|\n| **Metro** | Line 1 to Tiananmen East or Line 8 to Shenwu Men |\n| **Bus** | Several routes stop near the main gate |\n| **Walk** | Through Tiananmen Square if you want the full imperial approach |\n\n---\n\n## 🗺️ Suggested Itinerary\n\n### Morning (2-3 hours)\n1. Enter through **Meridian Gate** (Wu Men)\n2. Visit the **Outer Court**: Hall of Supreme Harmony, Hall of Central Harmony, Hall of Preserving Harmony\n3. Explore the **Imperial Garden**\n\n### Afternoon (2-3 hours)\n4. Enter the **Inner Court** via Gate of Heavenly Purity\n5. Visit the **Palace of Heavenly Purity**, Hall of Mental Cultivation, and living quarters\n6. Walk to **Kunning Palace** (former living quarters of Empress Dowager Cixi)\n7. Exit via **Gate of Divine Might** (Shenwu Men) — back of the palace\n\n---\n\n## ⭐ Must-See Highlights\n- 🏆 **Hall of Supreme Harmony** — largest wooden structure in China\n- 🎨 **Treasures Gallery** & **Clock & Watch Gallery** (extra ticket required)\n- 🌿 **Imperial Garden** — beautiful ancient trees and pavilions\n- 🌅 **Cining Palace area** — less crowded, serene atmosphere\n\n---\n\n## 💡 Practical Tips\n\n| Tip | Details |\n|-----|---------|\n| 👟 Wear comfortable shoes | You\'ll walk a lot on marble paths |\n| 🚫 No large bags | Storage available at entrance |\n| 📸 No tripod/selfie sticks | Photography is allowed |\n| 🕐 Allow 3-5 hours | This is a massive complex! |\n| 🧴 Bring water & sunscreen | Limited shade in some areas |\n\n---\n\n## 🍜 Dining Nearby\n- **Jing Hua Court** (inside) — traditional imperial cuisine\n-', 'MiniMax-M2.7', 'en-US', '2026-06-21 19:35:42', '2026-06-21 19:35:42', 0),
(8, 1, 1, NULL, 'QUESTION', '北京\n这个景点适合怎么安排行程？', '作为智能导游，请回答游客的问题。\n游客问题：北京\n这个景点适合怎么安排行程？\n当前景点：故宫博物院 - 中国明清两代的皇家宫殿，世界上现存规模最大的宫殿型建筑\n请用中文回答。', '# 故宫博物院游览建议\n\n您好！故宫是来北京必访的世界文化遗产，建议安排 **半日至一天** 时间深度游览。\n\n---\n\n## 🕐 推荐时间安排\n\n| 时段 | 建议 |\n|------|------|\n| 上午 | 8:30 开门即可入场（建议提前预约） |\n| 中午 | 钟表馆/珍宝馆或休息亭休息 |\n| 下午 | 继续参观后廷区域 |\n\n**总游览时长**：约 3-5 小时\n\n---\n\n## 🚶 推荐游览路线\n\n**经典中轴线路线（2-3小时）**\n\n> 午门 → 太和殿 → 中和殿 → 保和殿 → 乾清宫 → 交泰殿 → 坤宁宫 → 御花园 → 神武门\n\n**深度游览路线（4-5小时）**\n\n> 午门 → 太和门 → 太和殿 → 中和殿 → 保和殿 → 钟表馆 → 珍宝馆 → 东六宫 → 乾清宫 → 交泰殿 → 坤宁宫 → 御花园 → 神武门\n\n---\n\n## 💡 实用小贴士\n\n- 🎫 **提前预约**：通过故宫博物院官方微信预约，门票 60 元/人\n- 👟 **穿舒适的鞋**：故宫面积大，步行距离长\n- 📸 **最佳拍照点**：神武门出口、景山公园俯瞰故宫全景\n- 🏛️ **钟表馆/珍宝馆**：强烈推荐另行购票参观，非常精彩\n- ☀️ **做好防晒**：中轴线遮阳处较少\n\n---\n\n## 📌 一日游建议\n\n如果只有一天时间，建议上午游故宫，下午前往 **景山公园**（俯瞰故宫全景）或 **北海公园**。\n\n---\n\n请问您还有其他关于故宫的问题吗？😊', 'MiniMax-M2.7', 'zh-CN', '2026-06-21 19:48:02', '2026-06-21 19:48:02', 0),
(9, 1, NULL, NULL, 'RECOGNIZE', '识别景点：0fe28851-f15e-4a5d-a361-673d59ec36af.png', '你是一位智能导游。请根据用户上传的图片或附件分析它最可能是哪处景点。如果能匹配系统景点库，请优先给出库内景点名称；如果无法确定，请给出可能地点和置信度。\n用户问题：请识别这张图片可能是哪处景点，并给出判断依据和游玩建议。\n附件名称：0fe28851-f15e-4a5d-a361-673d59ec36af.png\n附件地址：https://communityforum-backendd.oss-cn-hangzhou.aliyuncs.com/ai_guide/3e1493a203ef45d7a4ee2a777eaa4f89.png\n系统景点库：故宫博物院（北京，中国明清两代的皇家宫殿，世界上现存规模最大的宫殿型建筑）；上海迪士尼乐园（上海，点亮心中奇梦）；秦始皇兵马俑（西安，世界第八大奇迹，中国第一位皇帝的地下军阵）；西湖（杭州，欲把西湖比西子，淡妆浓抹总相宜）；上海外滩（上海，万国建筑博览群，上海标志性景观）；九寨沟（阿坝，人间仙境，童话世界，世界自然遗产）；黄山（黄山，五岳归来不看山，黄山归来不看岳）；丽江古城（丽江，东方威尼斯，世界文化遗产）；张家界国家森林公园（张家界，缩小的仙境，放大的盆景）；三亚亚龙湾（三亚，天下第一湾，东方夏威夷）；北京（北京，北京北京）；112（123，12）\n回答格式：1）可能景点 2）判断依据 3）所在城市/地区 4）游玩建议 5）如果不确定请说明原因。\n请用中文回答。', '您好！感谢您的提问。\n\n不过，作为智能导游，我需要坦诚地告诉您：**我目前无法直接访问或查看您上传的图片链接**。因此无法基于图片内容进行景点识别。\n\n---\n\n## 📋 为更好地帮助您，请选择以下方式之一：\n\n### 方式一：描述图片内容\n请简单描述一下图片中看到的场景，比如：\n- 建筑风格（古建筑/现代建筑/自然景观）\n- 主要颜色和元素\n- 地标特征（如宫殿、塔楼、海滩、山峰等）\n- 任何可见的文字标识\n\n### 方式二：补充图片信息\n如果您方便，可以尝试：\n- 将图片内容以文字描述发给我\n- 或者重新上传图片附件（非链接形式）\n\n---\n\n## 📚 快速参考：系统景点库概览\n\n| 序号 | 景点名称 | 所在城市 | 特色标签 |\n|:---:|:---|:---:|:---|\n| 1 | 故宫博物院 | 北京 | 明清皇家宫殿，世界最大宫殿建筑 |\n| 2 | 上海迪士尼乐园 | 上海 | 童话主题乐园 |\n| 3 | 秦始皇兵马俑 | 西安 | 世界第八大奇迹 |\n| 4 | 西湖 | 杭州 | 淡妆浓抹总相宜 |\n| 5 | 上海外滩 | 上海 | 万国建筑博览群 |\n| 6 | 九寨沟 | 阿坝 | 人间仙境，自然遗产 |\n| 7 | 黄山 | 黄山 | 五岳归来不看山，黄山归来不看岳 |\n| 8 | 丽江古城 | 丽江 | 东方威尼斯，世界文化遗产 |\n| 9 | 张家界国家森林公园 | 张家界 | 缩小的仙境 |\n| 10 | 三亚亚龙湾 | 三亚 | 天下第一湾 |\n\n---\n\n期待您的回复，我会根据您提供的信息为您提供详细的景点分析和游玩建议！🌟', 'MiniMax-M2.7', 'zh-CN', '2026-06-21 20:08:48', '2026-06-21 20:08:48', 0),
(10, 1, NULL, NULL, 'RECOGNIZE', '识别景点：0fe28851-f15e-4a5d-a361-673d59ec36af.png', '你是一位智能导游。请根据用户上传的图片或附件分析它最可能是哪处景点。如果能匹配系统景点库，请优先给出库内景点名称；如果无法确定，请给出可能地点和置信度。\n用户问题：这个景点是哪\n附件名称：0fe28851-f15e-4a5d-a361-673d59ec36af.png\n附件地址：https://communityforum-backendd.oss-cn-hangzhou.aliyuncs.com/ai_guide/e83da765bd624c2387f91a75791ce861.png\n系统景点库：故宫博物院（北京，中国明清两代的皇家宫殿，世界上现存规模最大的宫殿型建筑）；上海迪士尼乐园（上海，点亮心中奇梦）；秦始皇兵马俑（西安，世界第八大奇迹，中国第一位皇帝的地下军阵）；西湖（杭州，欲把西湖比西子，淡妆浓抹总相宜）；上海外滩（上海，万国建筑博览群，上海标志性景观）；九寨沟（阿坝，人间仙境，童话世界，世界自然遗产）；黄山（黄山，五岳归来不看山，黄山归来不看岳）；丽江古城（丽江，东方威尼斯，世界文化遗产）；张家界国家森林公园（张家界，缩小的仙境，放大的盆景）；三亚亚龙湾（三亚，天下第一湾，东方夏威夷）；北京（北京，北京北京）；112（123，12）\n回答格式：1）可能景点 2）判断依据 3）所在城市/地区 4）游玩建议 5）如果不确定请说明原因。\n请用中文回答。', '# 🎫 景点识别服务\n\n---\n\n## ⚠️ 抱歉，我目前无法直接查看图片内容\n\n作为智能导游，我**暂时无法直接访问和分析您上传的图片**。这可能是由于：\n\n- 图片链接需要特殊权限才能访问\n- 系统暂未配置图像识别功能\n- 网络连接限制\n\n---\n\n## 💡 您可以这样做：\n\n### 方案一：描述图片特征\n请告诉我图片中景点的**主要特征**，例如：\n- 🏛️ 建筑风格（中式古典/西式/现代等）\n- 🌆 周围环境（山水/城市/海边等）\n- 🪨 标志性元素（宫殿/雕像/湖泊等）\n- 📍 是否有文字标识（匾额、路牌等）\n\n### 方案二：提供更多线索\n- 景点大概的**地理位置**？\n- 您是在哪里**拍摄或看到**这张图片的？\n- 有什么特别的**颜色或形状**让您印象深刻？\n\n---\n\n## 🗺️ 我已准备好为您服务\n\n只要您提供景点的文字描述，我可以根据系统景点库为您匹配：\n- ✅ 故宫博物院\n- ✅ 上海迪士尼乐园\n- ✅ 秦始皇兵马俑\n- ✅ 西湖、外滩、九寨沟、黄山、丽江古城等\n\n请告诉我更多关于这张图片的信息，我会尽力为您识别！ 😊', 'MiniMax-M2.7', 'zh-CN', '2026-06-21 20:18:25', '2026-06-21 20:18:25', 0);
ALTER TABLE `ai_chat_record` AUTO_INCREMENT = 11;

-- 2. ai_guide_log (34 rows)
INSERT INTO `ai_guide_log` (`id`, `user_id`, `model_name`, `biz_type`, `language_code`, `scenic_spot_id`, `route_id`, `request_summary`, `response_summary`, `success_flag`, `cost_millis`, `error_message`, `create_time`, `update_time`, `deleted`) VALUES
(1, 2, 'MiniMax-M2.7', 'EXPLAIN', 'zh-CN', 1, NULL, '请讲解故宫的历史', '故宫博物院成立于1925年...', 1, 2350, NULL, '2026-06-16 09:16:50', '2026-06-16 09:16:50', 0),
(2, 2, 'MiniMax-M2.7', 'QUESTION', 'en-US', 1, NULL, 'What is the history of the Forbidden City?', 'The Forbidden City was built...', 1, 1890, NULL, '2026-06-16 09:16:50', '2026-06-16 09:16:50', 0),
(3, 3, 'MiniMax-M2.7', 'RECOMMEND', 'zh-CN', NULL, NULL, '推荐杭州一日游路线', '建议您从西湖开始...', 1, 3200, NULL, '2026-06-16 09:16:50', '2026-06-16 09:16:50', 0),
(4, 4, 'MiniMax-M2.7', 'COMPARE', 'zh-CN', NULL, NULL, '对比故宫和兵马俑', '故宫和兵马俑都是...', 1, 2780, NULL, '2026-06-16 09:16:50', '2026-06-16 09:16:50', 0),
(5, 2, 'MiniMax-M2.7', 'COMPARE', 'zh-CN', NULL, NULL, '对比故宫博物院和秦始皇兵马俑', NULL, 1, 4704, NULL, '2026-06-16 10:46:10', '2026-06-16 10:46:10', 0),
(6, 2, 'MiniMax-M2.7', 'RECOMMEND', 'zh-CN', NULL, NULL, '路线推荐', NULL, 1, 2765, NULL, '2026-06-16 10:46:13', '2026-06-16 10:46:13', 0),
(7, 2, 'MiniMax-M2.7', 'QUESTION', 'zh-CN', 1, NULL, '请告诉我景点参观时有哪些注意事项', NULL, 1, 4464, NULL, '2026-06-16 10:46:17', '2026-06-16 10:46:17', 0),
(8, 2, 'MiniMax-M2.7', 'TRANSLATE', 'en-US', 1, NULL, 'Please translate this travel explanation into English.', NULL, 1, 2550, NULL, '2026-06-16 10:46:20', '2026-06-16 10:46:20', 0),
(9, 2, 'MiniMax-M2.7', 'EXPLAIN', 'zh-CN', 1, NULL, '请详细讲解这个景点的历史和看点', NULL, 1, 37711, NULL, '2026-06-16 10:46:28', '2026-06-16 10:46:28', 0),
(10, 2, 'MiniMax-M2.7', 'EXPLAIN', 'zh-CN', 1, NULL, '请详细讲解这个景点的历史和看点', 'AI服务暂时不可用，请稍后重试。', 1, 12420, NULL, '2026-06-16 11:00:03', '2026-06-16 11:00:03', 0),
(11, 2, 'MiniMax-M2.7', 'EXPLAIN', 'zh-CN', 1, NULL, '请详细讲解这个景点的历史和看点', 'AI服务暂时不可用，请稍后重试。', 1, 12148, NULL, '2026-06-16 11:00:32', '2026-06-16 11:00:32', 0),
(12, 2, 'MiniMax-M2.7', 'COMPARE', 'zh-CN', NULL, NULL, '对比故宫博物院和秦始皇兵马俑', NULL, 1, 4602, NULL, '2026-06-16 11:00:37', '2026-06-16 11:00:37', 0),
(13, 2, 'MiniMax-M2.7', 'RECOMMEND', 'zh-CN', NULL, NULL, '路线推荐', NULL, 1, 2869, NULL, '2026-06-16 11:00:40', '2026-06-16 11:00:40', 0),
(14, 2, 'MiniMax-M2.7', 'QUESTION', 'zh-CN', 1, NULL, '请告诉我景点参观时有哪些注意事项', NULL, 1, 3655, NULL, '2026-06-16 11:00:43', '2026-06-16 11:00:43', 0),
(15, 2, 'MiniMax-M2.7', 'TRANSLATE', 'en-US', 1, NULL, 'Please translate this travel explanation into English.', NULL, 1, 2875, NULL, '2026-06-16 11:00:46', '2026-06-16 11:00:46', 0),
(16, 1, 'MiniMax-M2.7', 'QUESTION', 'zh-CN', 1, NULL, '这个景点适合怎么安排游览顺序？', NULL, 1, 11281, NULL, '2026-06-16 20:33:53', '2026-06-16 20:33:53', 0),
(17, 1, 'MiniMax-M2.7', 'QUESTION', 'zh-CN', 1, NULL, '这个景点适合怎么安排游览顺序？', NULL, 1, 14473, NULL, '2026-06-16 21:16:10', '2026-06-16 21:16:10', 0),
(18, 1, 'MiniMax-M2.7', 'QUESTION', 'zh-CN', 1, NULL, '这个景点适合怎么安排游览顺序？', NULL, 1, 10392, NULL, '2026-06-17 08:20:00', '2026-06-17 08:20:00', 0),
(19, 1, 'MiniMax-M2.7', 'QUESTION', 'zh-CN', 1, NULL, '这个景点适合怎么安排游览顺序？', 'AI暂时无法回答，请稍后重试。', 1, 14997, NULL, '2026-06-17 08:30:51', '2026-06-17 08:30:51', 0),
(20, 1, 'MiniMax-M2.7', 'QUESTION', 'zh-CN', 1, NULL, '这个景点适合怎么安排游览顺序？', 'AI暂时无法回答，请稍后重试。', 1, 17172, NULL, '2026-06-17 08:37:09', '2026-06-17 08:37:09', 0),
(21, 1, 'MiniMax-M2.7', 'QUESTION', 'zh-CN', 1, NULL, '这个景点适合怎么安排游览顺序？', 'AI暂时无法回答，请稍后重试。', 1, 14181, NULL, '2026-06-17 08:44:56', '2026-06-17 08:44:56', 0),
(22, 1, 'MiniMax-M2.7', 'QUESTION', 'zh-CN', 1, NULL, '这个景点适合怎么安排游览顺序？', '# 🏯 故宫博物院游览建议\n\n故宫很大，建议按照 **\"从南到北、逐层深入\"** 的顺序游览：\n\n---\n\n## 📍 推荐游览路线\n\n### 第一站：前朝（南部）\n**午门 → 太和门 → 太和殿 → 中和殿 → 保和殿**\n\n这里是皇帝举行重大典礼的地方，感受紫禁城的恢弘气势 ⚡\n\n### 第二站：内廷（中部）\n**乾清宫 → 交泰殿 → 坤宁宫**\n\n这是皇帝处理政务和日常起居的核心区域\n\n### 第三站：御花园\n古树奇石、亭台楼阁，是休息拍照的好地方 📸\n\n### 第四站：钟表馆 & 珍宝馆（如时间充裕）\n强烈推荐！馆藏珍品让人惊叹 ✨\n\n---\n\n## ⏰ 时间建议\n\n| 游览范围 | 建议时长 |\n|---------|---------|\n| 精华中轴线 | 2小时 |\n| 全部开放区域 | 3-4小时 |\n| 深度游览+特展 | 半天至一天 |\n\n---\n\n## 💡 小贴士\n\n1. **建议从午门进、神武门出**，不走回头路\n2. **上午人流较少**，建议早点入园\n3. 东西六宫内容丰富，时间紧可优先选**钟粹宫、延禧宫**\n4. 建议租借导览器或使用官方小程序，获得详细讲解\n\n---\n\n祝您游览愉快！🎭 请问还有其他问题吗？', 1, 13796, NULL, '2026-06-17 08:51:03', '2026-06-17 08:51:03', 0),
(23, 1, 'MiniMax-M2.7', 'QUESTION', 'zh-CN', 1, NULL, '请详细讲解 故宫博物院，重点说历史背景、文化特色和参观亮点。', '# 🏯 故宫博物院\n\n欢迎来到世界上现存规模最大、保存最完整的木质结构古建筑群——**紫禁城故宫**！请随我一起走进这座六百年的皇家宫殿。\n\n---\n\n## 📜 历史背景\n\n### 建造历程\n- **明成祖永乐四年（1406年）** 开工，永乐十八年（1420年）竣工\n- 由**蒯祥**等著名匠师主持设计建造\n- 动用工匠23万人，民夫上百万人\n\n### 辉煌岁月\n- **明、清两代共24位皇帝**以此为皇宫，历时近500年\n- 1911年辛亥革命结束封建帝制\n- **1925年10月10日** 正式成立故宫博物院，向公众开放\n- 1987年被列入**世界文化遗产名录**\n\n---\n\n## 🎨 文化特色\n\n### 建筑艺术\n| 特色 | 说明 |\n|------|------|\n| **中轴对称** | 体现\"居中为尊\"的传统礼制思想 |\n| **红墙黄瓦** | 红色象征喜庆权威，黄色为帝王专用色 |\n| **等级分明** | 屋顶样式、脊兽数量都按等级严格规定 |\n| **木构为主** | 采用榫卯结构，不用一颗钉子 |\n\n### 文化内涵\n- 🎭 **礼仪制度**：外朝三大殿举行重大典礼\n- 👨‍👩‍👧 **皇家生活**：后三宫展示帝王家居空间\n- 📚 **典籍珍藏**：186万余件珍贵文物\n\n---\n\n## ⭐ 参观亮点（推荐路线）\n\n### 🎯 必看经典\n```\n午门 → 太和门 → 太和殿 → 中和殿 → 保和殿\n         ↓\n    乾清宫 → 交泰殿 → 坤宁宫（后三宫）\n         ↓\n      御花园 → 神武门\n```\n\n### 精彩看点\n\n| 区域', 1, 26530, NULL, '2026-06-17 09:05:44', '2026-06-17 09:05:44', 0),
(24, 1, 'MiniMax-M2.7', 'QUESTION', 'zh-CN', 1, NULL, '请详细讲解 故宫博物院，重点说历史背景、文化特色和参观亮点。', '# 🏯 故宫博物院 — 紫禁城\n\n---\n\n## 📜 历史背景\n\n**皇家宫殿的诞生**\n故宫始建于**明成祖永乐四年（1406年）**，历时14年建造，**永乐十八年（1420年）**基本建成，是明成祖朱棣下令营建的皇家宫殿。\n\n**六百年皇权中心**\n- 先后有**24位皇帝**在此居住执政\n- 明代14位皇帝、清代10位皇帝在此统治中国\n- 1912年清帝退位，但溥仪仍居内廷至1924年\n- **1925年10月10日**，故宫博物院正式成立，向公众开放\n\n**今日故宫**\n- 1987年被列入**世界文化遗产**\n- 占地72万平方米，建筑面积约15万平方米\n- 是世界上现存规模最大、保存最完整的木质结构古建筑群\n\n---\n\n## 🎨 文化特色\n\n### 建筑布局\n故宫以**南北中轴线**为中心对称布局，象征着皇权的至高无上：\n- **外朝**：举行重大典礼、召见群臣（太和殿、中和殿、保和殿）\n- **内廷**：皇帝皇后起居之所（乾清宫、交泰殿、坤宁宫）\n- **东西六宫**：后妃居住区\n\n### 建筑语言\n| 元素 | 含义 |\n|------|------|\n| 🔴 红墙 | 象征皇权与喜庆 |\n| 🟡 黄瓦 | 黄色为帝王专用，象征皇家尊严 |\n| ⚙️ 斗拱 | 中国古建筑特有结构，展示木工智慧 |\n| 🐉 龙凤纹 | 龙为皇帝象征，凤为皇后象征 |\n\n### 文化内涵\n- **\"前朝后寝\"** 的礼制设计\n- **五行八卦** 的风水理念\n- **对称美学** 的极致体现\n- 融合了**儒家礼制**与**道家天人合一**思想\n\n---\n\n## ✨ 参观亮点（必打卡）\n\n### 🔥 三大殿（外朝）\n1. **太和殿** — 故宫最大宫殿，皇帝登基', 1, 21520, NULL, '2026-06-17 09:22:51', '2026-06-17 09:22:51', 0),
(25, 1, 'MiniMax-M2.7', 'QUESTION', 'zh-CN', 1, NULL, '请详细讲解 故宫博物院，重点说历史背景、文化特色和参观亮点。', '# 🏯 故宫博物院详细讲解\n\n欢迎来到故宫！这座承载着六百年沧桑历史的皇家宫殿，正等着您去探索它的每一个角落。下面让我为您详细解读这座\"紫禁城\"的魅力。\n\n---\n\n## 📜 历史背景\n\n### 建造历程\n故宫的建造始于**明成祖永乐四年（1406年）**，历时**14年**建设完成，于**1420年**正式投入使用。据记载，当年征调了全国各地的能工巧匠约30万人，以及超过100万的民夫参与建设。\n\n### 营建者\n明初著名工匠**蒯祥**被任命为设计主持，他技艺超群，据说能双手同时画龙，一气呵成，因此被誉为\"蒯鲁班\"。\n\n### 历史沿革\n| 时期 | 简介 |\n|------|------|\n| 明代 | 始建，朱棣迁都北京后定为皇宫 |\n| 清代 | 沿用并加以修缮改建，融入满族文化元素 |\n| 1912年 | 溥仪退位，清朝结束 |\n| 1925年 | 正式成立\"故宫博物院\"，向公众开放 |\n| 1987年 | 被列入**世界文化遗产**名录 |\n\n> 💡 **小知识**：1912年溥仪退位后，仍在宫中居住了13年，这就是著名电影《末代皇帝》的故事背景。\n\n---\n\n## 🎨 文化特色\n\n### 建筑布局哲学\n故宫严格按照**《周礼·考工记》**的\"前朝后寝\"原则布局，体现了**儒家礼制思想**和**阴阳五行学说**：\n\n- **外朝**：皇帝举行大典、召见群臣的场所（阳）\n- **内廷**：帝后居住、处理日常事务的地方（阴）\n- **中轴对称**：以子午线为中轴，建筑左右均衡排列\n\n### 色彩文化\n故宫的主色调为**红墙黄瓦**，这不是随意选择：\n- **黄色**：代表皇家权威，五行中属土，居中央，象征至高无上\n- **红色**：象征喜庆、庄重与驱邪护佑\n\n### 数字密码\n故宫有**9999.5间房**（传言之说），取\"满\"', 1, 23724, NULL, '2026-06-17 10:18:57', '2026-06-17 10:18:57', 0),
(26, 1, 'MiniMax-M2.7', 'RECOMMEND', 'zh-CN', NULL, NULL, '路线推荐', '# 🏛️ 历史文化2日游推荐\n\n您好！很高兴为您规划历史文化主题的旅行路线 😊\n\n---\n\n## 📍 请确认目的地\n\n为了给您更精准的推荐，请告诉我您计划前往的城市？以下是热门历史文化目的地供您参考：\n\n| 目的地 | 代表景点 |\n|--------|----------|\n| **西安** | 兵马俑、古城墙、大雁塔、回民街 |\n| **北京** | 故宫、长城、颐和园、天坛 |\n| **南京** | 中山陵、夫子庙、明孝陵、老门东 |\n| **洛阳** | 龙门石窟、白马寺、丽景门 |\n| **苏州** | 拙政园、平江路、虎丘 |\n| **成都** | 武侯祠、锦里、杜甫草堂 |\n\n---\n\n## 📝 请补充以下信息\n\n1. **目的地是哪里？**\n2. **出行月份/季节？**\n3. **交通方式**：自驾/高铁/飞机？\n4. **预算偏好**：经济型/舒适型/品质型？\n5. **家庭成员构成**（是否有老人/儿童）？\n\n---\n\n确认后，我会为您定制一份**详细的2日行程安排**，包括：\n- ✅ 每日景点游览顺序\n- ✅ 建议游览时长\n- ✅ 特色美食推荐\n- ✅ 交通与住宿建议\n\n请告诉我您的目的地和偏好吧！🎒', 1, 13777, NULL, '2026-06-17 10:23:59', '2026-06-17 10:23:59', 0),
(27, 1, 'MiniMax-M2.7', 'COMPARE', 'zh-CN', NULL, NULL, '对比秦始皇兵马俑和西湖', '# 秦始皇兵马俑 vs 西湖\n\n这两个景点都是中国的世界文化遗产，各有千秋，让我为您详细对比分析：\n\n---\n\n## 🏛️ 秦始皇兵马俑\n\n### 特色亮点\n- **世界第八大奇迹**，展现了秦始皇横扫六国的军事雄心\n- **三大俑坑**共出土数千件陶俑、陶马，场面震撼\n- 铜车马等文物工艺精湛，体现两千年前的最高铸造水平\n\n### 适合人群\n- 历史爱好者、文化探索者\n- 中小学生研学游\n- 对古代军事感兴趣的游客\n\n### 游览建议\n- 📅 建议安排 **半天时间**\n- 🎫 提前网上购票，避免排队\n- ⚠️ 避开国庆、春节等高峰期\n- 📸 一号坑最为壮观，建议重点游览\n\n---\n\n## 🌸 西湖\n\n### 特色亮点\n- **\"淡妆浓抹总相宜\"** 的诗意山水\n- 十景闻名（断桥残雪、苏堤春晓等）\n- 白娘子传说、苏轼等文人墨客留下无数佳话\n\n### 适合人群\n- 休闲度假、家庭出游\n- 摄影爱好者\n- 喜欢慢节奏深度游的游客\n\n### 游览建议\n- 📅 建议安排 **一整天**，可骑行或泛舟\n- 🚶 推荐走苏堤、白堤，感受诗意\n- 🍵 可搭配龙井问茶，体验杭州慢生活\n- 🌅 清晨或傍晚的西湖最有韵味\n\n---\n\n## 💡 综合建议\n\n| 对比维度 | 兵马俑 | 西湖 |\n|---------|-------|------|\n| 旅行节奏 | 紧凑震撼 | 悠闲慢游 |\n| 季节影响 | 四季皆宜 | 春秋最佳 |\n| 文化感受 | 厚重历史 | 诗意浪漫 |\n\n如果您时间有限，**第一次来中国**建议先看兵马俑，感受中华文明的厚重；若追求**身心放松**，西湖的诗画意境更合适。\n\n请问您对哪个景点更感兴趣呢？我可以提供更详细的游览攻略～', 1, 19952, NULL, '2026-06-17 10:36:13', '2026-06-17 10:36:13', 0),
(28, 1, 'MiniMax-M2.7', 'RECOMMEND', 'zh-CN', NULL, NULL, '路线推荐', '# 🏛️ 历史文化三日游推荐\n\n您好！很高兴为您规划历史文化主题的旅行～\n\n为了给您更精准的推荐，请告诉我您想前往的**目的地城市或地区**是哪里呢？\n\n例如：\n- **古都西安**（兵马俑、大雁塔、城墙）\n- **首都北京**（故宫、长城、颐和园）\n- **江南苏州/杭州**（古典园林、水乡古镇）\n- **中原洛阳/开封**（龙门石窟、清明上河园）\n- **其他城市**\n\n告诉我目的地后，我会为您提供：\n✅ 每日详细行程安排\n✅ 门票价格参考\n✅ 交通路线建议\n✅ 特色美食推荐\n\n请问您想去哪里游玩呢？😊', 1, 7815, NULL, '2026-06-17 10:37:11', '2026-06-17 10:37:11', 0),
(29, 1, 'MiniMax-M2.7', 'QUESTION', 'en-US', 1, NULL, 'How should I plan a visit to The Forbidden City?', 'AI服务暂时不可用，请稍后重试。', 1, 128, NULL, '2026-06-18 15:05:20', '2026-06-18 15:05:20', 0),
(30, 1, 'MiniMax-M2.7', 'QUESTION', 'en-US', 1, NULL, 'How should I plan a trip to this scenic spot?', '# 🏯 Planning Your Visit to the Forbidden City\n\nGreat choice! The Forbidden City is truly magnificent. Here\'s how to plan your trip:\n\n## 🎫 Booking & Tickets\n- **Book online in advance** via the official WeChat mini-program or website (required)\n- Peak season (Apr-Oct): ¥60/person | Off-season: ¥40/person\n- Select your entry time slot (morning or afternoon)\n- Visit the Palace Museum\'s website: **dpm.org.cn**\n\n## ⏰ Best Time to Visit\n| Season | Pros | Cons |\n|--------|------|------|\n| **Spring (Apr-May)** | Pleasant weather, beautiful flowers | Crowded |\n| **Fall (Sep-Oct)** | Clear skies, stunning autumn colors | Peak tourism |\n| **Winter** | Fewer crowds, unique atmosphere | Cold temperatures |\n| **Summer** | Long daylight hours | Very hot & crowded |\n\n📌 **Tip:** Arrive when gates open (8:30 AM) to beat the crowds.\n\n## 🗺️ Suggested Route (2-3 hours)\n**Main Entrance (Meridian Gate) → Southern Courtyard → Hall of Supreme Harmony → Hall of Central Harmony → Hall of Preserving Harmony → Imperial Garden → Northern Exit (Shenwu Gate)**\n\n## 🎒 Practical Tips\n- Wear **comfortable walking shoes**\n- Bring **sun protection** and water\n- Audio guides or guided tours are highly recommended\n- Combine with **Jingshan Park** (north gate) for a panoramic view\n- The **Treasure Gallery** and **Clock Gallery** require separate tickets\n\n## 🚇 Getting There\n- Metro: **Line 1** to Tiananmen East/West station\n- Bus: Multiple routes available\n\nWould you like more details on any specific aspect? 😊', 1, 16050, NULL, '2026-06-18 15:06:09', '2026-06-18 15:06:09', 0),
(31, 1, 'MiniMax-M2.7', 'QUESTION', 'en-US', 1, NULL, 'How should I plan a trip to this scenic spot?', '# 🏯 Planning Your Visit to the Forbidden City\n\nGreat choice! The Forbidden City is truly a magnificent treasure. Here\'s your complete planning guide:\n\n---\n\n## 📅 Best Time to Visit\n- **Spring (Apr-May)** and **Fall (Sep-Oct)** are ideal — mild weather, beautiful scenery\n- **Avoid:** Chinese National Holiday (early Oct) — extremely crowded\n- **Best hours:** Arrive when it opens (8:30 AM) to avoid crowds\n\n---\n\n## 🎫 Tickets & Reservations\n- Book online at least **3-5 days in advance** via the official WeChat mini-program or **https://gugong.ktmtech.cn**\n- Ticket price: **60 RMB** (April-October), **40 RMB** (Winter)\n- Closed every **Monday** (except public holidays)\n\n---\n\n## 🚇 How to Get There\n| Option | Details |\n|--------|---------|\n| **Metro** | Line 1 to Tiananmen East or Line 8 to Shenwu Men |\n| **Bus** | Several routes stop near the main gate |\n| **Walk** | Through Tiananmen Square if you want the full imperial approach |\n\n---\n\n## 🗺️ Suggested Itinerary\n\n### Morning (2-3 hours)\n1. Enter through **Meridian Gate** (Wu Men)\n2. Visit the **Outer Court**: Hall of Supreme Harmony, Hall of Central Harmony, Hall of Preserving Harmony\n3. Explore the **Imperial Garden**\n\n### Afternoon (2-3 hours)\n4. Enter the **Inner Court** via Gate of Heavenly Purity\n5. Visit the **Palace of Heavenly Purity**, Hall of Mental Cultivation, and living quarters\n6. Walk to **Kunning Palace** (former living quarters of Empress Dowager Cixi)\n7. Exit via **Gate of Divine Might** (Shenwu Men) — back of the palace\n\n---\n\n## ⭐ Must-See Highlights\n- 🏆 **Hall of Supreme Harmony** — largest wooden structure in China\n- 🎨 **Treasures Gallery** & **Clock & Watch Gallery** (extra ticket required)\n- 🌿 **Imperial Garden** — beautiful ancient trees and pavilions\n- 🌅 **Cining Palace area** — less crowded, serene atmosphere\n\n---\n\n## 💡 Practical Tips\n\n| Tip | Details |\n|-----|---------|\n| 👟 Wear comfortable shoes | You\'ll walk a lot on marble paths |\n| 🚫 No large bags | Storage available at entrance |\n| 📸 No tripod/selfie sticks | Photography is allowed |\n| 🕐 Allow 3-5 hours | This is a massive complex! |\n| 🧴 Bring water & sunscreen | Limited shade in some areas |\n\n---\n\n## 🍜 Dining Nearby\n- **Jing Hua Court** (inside) — traditional imperial cuisine\n-', 1, 22973, NULL, '2026-06-21 19:35:42', '2026-06-21 19:35:42', 0),
(32, 1, 'MiniMax-M2.7', 'QUESTION', 'zh-CN', 1, NULL, '北京\n这个景点适合怎么安排行程？', '# 故宫博物院游览建议\n\n您好！故宫是来北京必访的世界文化遗产，建议安排 **半日至一天** 时间深度游览。\n\n---\n\n## 🕐 推荐时间安排\n\n| 时段 | 建议 |\n|------|------|\n| 上午 | 8:30 开门即可入场（建议提前预约） |\n| 中午 | 钟表馆/珍宝馆或休息亭休息 |\n| 下午 | 继续参观后廷区域 |\n\n**总游览时长**：约 3-5 小时\n\n---\n\n## 🚶 推荐游览路线\n\n**经典中轴线路线（2-3小时）**\n\n> 午门 → 太和殿 → 中和殿 → 保和殿 → 乾清宫 → 交泰殿 → 坤宁宫 → 御花园 → 神武门\n\n**深度游览路线（4-5小时）**\n\n> 午门 → 太和门 → 太和殿 → 中和殿 → 保和殿 → 钟表馆 → 珍宝馆 → 东六宫 → 乾清宫 → 交泰殿 → 坤宁宫 → 御花园 → 神武门\n\n---\n\n## 💡 实用小贴士\n\n- 🎫 **提前预约**：通过故宫博物院官方微信预约，门票 60 元/人\n- 👟 **穿舒适的鞋**：故宫面积大，步行距离长\n- 📸 **最佳拍照点**：神武门出口、景山公园俯瞰故宫全景\n- 🏛️ **钟表馆/珍宝馆**：强烈推荐另行购票参观，非常精彩\n- ☀️ **做好防晒**：中轴线遮阳处较少\n\n---\n\n## 📌 一日游建议\n\n如果只有一天时间，建议上午游故宫，下午前往 **景山公园**（俯瞰故宫全景）或 **北海公园**。\n\n---\n\n请问您还有其他关于故宫的问题吗？😊', 1, 4655, NULL, '2026-06-21 19:48:02', '2026-06-21 19:48:02', 0),
(33, 1, 'MiniMax-M2.7', 'RECOGNIZE', 'zh-CN', NULL, NULL, '识别景点：0fe28851-f15e-4a5d-a361-673d59ec36af.png', '您好！感谢您的提问。\n\n不过，作为智能导游，我需要坦诚地告诉您：**我目前无法直接访问或查看您上传的图片链接**。因此无法基于图片内容进行景点识别。\n\n---\n\n## 📋 为更好地帮助您，请选择以下方式之一：\n\n### 方式一：描述图片内容\n请简单描述一下图片中看到的场景，比如：\n- 建筑风格（古建筑/现代建筑/自然景观）\n- 主要颜色和元素\n- 地标特征（如宫殿、塔楼、海滩、山峰等）\n- 任何可见的文字标识\n\n### 方式二：补充图片信息\n如果您方便，可以尝试：\n- 将图片内容以文字描述发给我\n- 或者重新上传图片附件（非链接形式）\n\n---\n\n## 📚 快速参考：系统景点库概览\n\n| 序号 | 景点名称 | 所在城市 | 特色标签 |\n|:---:|:---|:---:|:---|\n| 1 | 故宫博物院 | 北京 | 明清皇家宫殿，世界最大宫殿建筑 |\n| 2 | 上海迪士尼乐园 | 上海 | 童话主题乐园 |\n| 3 | 秦始皇兵马俑 | 西安 | 世界第八大奇迹 |\n| 4 | 西湖 | 杭州 | 淡妆浓抹总相宜 |\n| 5 | 上海外滩 | 上海 | 万国建筑博览群 |\n| 6 | 九寨沟 | 阿坝 | 人间仙境，自然遗产 |\n| 7 | 黄山 | 黄山 | 五岳归来不看山，黄山归来不看岳 |\n| 8 | 丽江古城 | 丽江 | 东方威尼斯，世界文化遗产 |\n| 9 | 张家界国家森林公园 | 张家界 | 缩小的仙境 |\n| 10 | 三亚亚龙湾 | 三亚 | 天下第一湾 |\n\n---\n\n期待您的回复，我会根据您提供的信息为您提供详细的景点分析和游玩建议！🌟', 1, 13713, NULL, '2026-06-21 20:08:48', '2026-06-21 20:08:48', 0),
(34, 1, 'MiniMax-M2.7', 'RECOGNIZE', 'zh-CN', NULL, NULL, '识别景点：0fe28851-f15e-4a5d-a361-673d59ec36af.png', '# 🎫 景点识别服务\n\n---\n\n## ⚠️ 抱歉，我目前无法直接查看图片内容\n\n作为智能导游，我**暂时无法直接访问和分析您上传的图片**。这可能是由于：\n\n- 图片链接需要特殊权限才能访问\n- 系统暂未配置图像识别功能\n- 网络连接限制\n\n---\n\n## 💡 您可以这样做：\n\n### 方案一：描述图片特征\n请告诉我图片中景点的**主要特征**，例如：\n- 🏛️ 建筑风格（中式古典/西式/现代等）\n- 🌆 周围环境（山水/城市/海边等）\n- 🪨 标志性元素（宫殿/雕像/湖泊等）\n- 📍 是否有文字标识（匾额、路牌等）\n\n### 方案二：提供更多线索\n- 景点大概的**地理位置**？\n- 您是在哪里**拍摄或看到**这张图片的？\n- 有什么特别的**颜色或形状**让您印象深刻？\n\n---\n\n## 🗺️ 我已准备好为您服务\n\n只要您提供景点的文字描述，我可以根据系统景点库为您匹配：\n- ✅ 故宫博物院\n- ✅ 上海迪士尼乐园\n- ✅ 秦始皇兵马俑\n- ✅ 西湖、外滩、九寨沟、黄山、丽江古城等\n\n请告诉我更多关于这张图片的信息，我会尽力为您识别！ 😊', 1, 11114, NULL, '2026-06-21 20:18:25', '2026-06-21 20:18:25', 0);
ALTER TABLE `ai_guide_log` AUTO_INCREMENT = 35;

-- 3. file_resource (27 rows)
INSERT INTO `file_resource` (`id`, `biz_type`, `biz_id`, `file_name`, `file_url`, `file_type`, `file_size`, `storage_mode`, `uploader_id`, `create_time`, `update_time`, `deleted`) VALUES
(1, 'scenic', 1, 'forbidden-city.jpg', 'https://communityforum-backendd.oss-cn-hangzhou.aliyuncs.com/scenic/forbidden-city-1.jpg', 'jpg', 256000, 'oss', 1, '2026-06-16 09:16:50', '2026-06-16 09:16:50', 0),
(2, 'user_avatar', 2, 'avatar.jpg', 'https://communityforum-backendd.oss-cn-hangzhou.aliyuncs.com/user_avatar/tourist.jpg', 'jpg', 32000, 'oss', 2, '2026-06-16 09:16:50', '2026-06-16 09:16:50', 0),
(3, 'api_test', NULL, 'api-test.png', 'https://communityforum-backendd.oss-cn-hangzhou.aliyuncs.com/api_test/b123b8aecfc8487785321a261562be26.png', 'png', 66, 'oss', 2, '2026-06-16 10:46:20', '2026-06-16 10:46:20', 0),
(4, 'api_test', NULL, 'api-test.png', 'https://communityforum-backendd.oss-cn-hangzhou.aliyuncs.com/api_test/a69ade5553714b5099f8a3ac3d76aebd.png', 'png', 66, 'oss', 2, '2026-06-16 11:00:47', '2026-06-16 11:00:47', 0),
(5, 'scenic', NULL, '96f1955e-d97a-4044-a0c9-65b84ddde220.png', 'https://communityforum-backendd.oss-cn-hangzhou.aliyuncs.com/scenic/2c05551b106c43269c29bd534a5b941d.png', 'png', 2235830, 'oss', 1, '2026-06-16 16:56:57', '2026-06-16 16:56:57', 0),
(6, 'scenic', NULL, '0fe28851-f15e-4a5d-a361-673d59ec36af.png', 'https://communityforum-backendd.oss-cn-hangzhou.aliyuncs.com/scenic/728c648b34d545ef9075cef283f3aeb7.png', 'png', 2658608, 'oss', 1, '2026-06-16 19:32:31', '2026-06-16 19:32:31', 0),
(7, 'scenic', NULL, '08dc3719-88ef-4d68-96e6-3b149f27d661.png', 'https://communityforum-backendd.oss-cn-hangzhou.aliyuncs.com/scenic/7e4414a857ed4807a4fbc50caae6e6c7.png', 'png', 3095430, 'oss', 1, '2026-06-16 19:32:42', '2026-06-16 19:32:42', 0),
(8, 'scenic', NULL, '黄山.png', 'https://communityforum-backendd.oss-cn-hangzhou.aliyuncs.com/scenic/1c53467d72d3458897f54e8103daa035.png', 'png', 2451687, 'oss', 1, '2026-06-16 19:32:52', '2026-06-16 19:32:52', 0),
(9, 'scenic', NULL, '西湖.png', 'https://communityforum-backendd.oss-cn-hangzhou.aliyuncs.com/scenic/6676543d57b04d2fbb8db9960f0f1819.png', 'png', 2176154, 'oss', 1, '2026-06-16 19:33:03', '2026-06-16 19:33:03', 0),
(10, 'scenic', NULL, '丽江古城.png', 'https://communityforum-backendd.oss-cn-hangzhou.aliyuncs.com/scenic/676c9191fa24492faa191490379b5a87.png', 'png', 2766469, 'oss', 1, '2026-06-16 19:33:17', '2026-06-16 19:33:17', 0),
(11, 'scenic', NULL, '三亚亚龙湾.png', 'https://communityforum-backendd.oss-cn-hangzhou.aliyuncs.com/scenic/6ded811033874880a670fff4c645ffff.png', 'png', 2396663, 'oss', 1, '2026-06-16 19:33:28', '2026-06-16 19:33:28', 0),
(12, 'route', NULL, '北京路线.png', 'https://communityforum-backendd.oss-cn-hangzhou.aliyuncs.com/route/e4c794c1fc0c400cab869df18f6deb7a.png', 'png', 2729378, 'oss', 1, '2026-06-17 14:39:22', '2026-06-17 14:39:22', 0),
(13, 'route', NULL, '西安路线.png', 'https://communityforum-backendd.oss-cn-hangzhou.aliyuncs.com/route/836d362d2cf04cedb76bfa6c7eaa1655.png', 'png', 2827519, 'oss', 1, '2026-06-17 14:55:36', '2026-06-17 14:55:36', 0),
(14, 'route', NULL, '杭州路线.png', 'https://communityforum-backendd.oss-cn-hangzhou.aliyuncs.com/route/eb47d87bb62842c1b842fa309a7cd114.png', 'png', 2583524, 'oss', 1, '2026-06-17 14:56:16', '2026-06-17 14:56:16', 0),
(15, 'route', NULL, '云南路线.png', 'https://communityforum-backendd.oss-cn-hangzhou.aliyuncs.com/route/ff79952a03084405a1f54353c4a151de.png', 'png', 3139527, 'oss', 1, '2026-06-17 14:56:38', '2026-06-17 14:56:38', 0),
(16, 'route', NULL, '上海路线.png', 'https://communityforum-backendd.oss-cn-hangzhou.aliyuncs.com/route/ad582057e9e543478adbe10ba060faa1.png', 'png', 2342023, 'oss', 1, '2026-06-17 14:56:56', '2026-06-17 14:56:56', 0),
(17, 'route', NULL, '海南路线.png', 'https://communityforum-backendd.oss-cn-hangzhou.aliyuncs.com/route/0192c8ae438f4a3ea389b6f20c9bf487.png', 'png', 2717669, 'oss', 1, '2026-06-17 14:57:08', '2026-06-17 14:57:08', 0),
(18, 'scenic', NULL, '故宫1.png', 'https://communityforum-backendd.oss-cn-hangzhou.aliyuncs.com/scenic/f384301517de4adab19d1a1393e49f49.png', 'png', 2743519, 'oss', 1, '2026-06-17 16:55:27', '2026-06-17 16:55:27', 0),
(19, 'scenic', NULL, '故宫2.png', 'https://communityforum-backendd.oss-cn-hangzhou.aliyuncs.com/scenic/4ffec42dab3147989c3e193a61e9babd.png', 'png', 2640351, 'oss', 1, '2026-06-17 17:02:01', '2026-06-17 17:02:01', 0),
(20, 'route', NULL, '7745bda5-a9d7-4f85-aa73-f17bca014ed0.png', 'https://communityforum-backendd.oss-cn-hangzhou.aliyuncs.com/route/3b5762d5fe6d4ed5b5022fc949ca0c76.png', 'png', 2864178, 'oss', 1, '2026-06-18 09:54:51', '2026-06-18 09:54:51', 0),
(21, 'user_avatar', NULL, 'cupid_match_center_entry_heart.png', 'https://communityforum-backendd.oss-cn-hangzhou.aliyuncs.com/user_avatar/501a870c5d27412f9dcd40c1f6bea445.png', 'png', 7096, 'oss', 1, '2026-06-18 10:24:27', '2026-06-18 10:24:27', 0),
(22, 'scenic', NULL, '80fd1d7d-79a1-4438-aeb1-ce279ae5854e.png', 'https://communityforum-backendd.oss-cn-hangzhou.aliyuncs.com/scenic/cb47d7c6ebc34c118557e990bc8fc7e2.png', 'png', 2736866, 'oss', 1, '2026-06-21 19:23:15', '2026-06-21 19:23:15', 0),
(23, 'route', NULL, '甘肃.png', 'https://communityforum-backendd.oss-cn-hangzhou.aliyuncs.com/route/4a5d6d6804aa4dcea29cde53526638b7.png', 'png', 2736866, 'oss', 1, '2026-06-21 19:24:13', '2026-06-21 19:24:13', 0),
(24, 'route', NULL, '甘肃.png', 'https://communityforum-backendd.oss-cn-hangzhou.aliyuncs.com/route/419c2e876ae54ce4ac05416c30991628.png', 'png', 2736866, 'oss', 1, '2026-06-21 19:24:30', '2026-06-21 19:24:30', 0),
(25, 'scenic', NULL, '上海1.png', 'https://communityforum-backendd.oss-cn-hangzhou.aliyuncs.com/scenic/97283894436f4d288872d2b626691eff.png', 'png', 2680250, 'oss', 1, '2026-06-21 19:47:02', '2026-06-21 19:47:02', 0),
(26, 'ai_guide', NULL, '0fe28851-f15e-4a5d-a361-673d59ec36af.png', 'https://communityforum-backendd.oss-cn-hangzhou.aliyuncs.com/ai_guide/3e1493a203ef45d7a4ee2a777eaa4f89.png', 'png', 2658608, 'oss', 1, '2026-06-21 20:08:34', '2026-06-21 20:08:34', 0),
(27, 'ai_guide', NULL, '0fe28851-f15e-4a5d-a361-673d59ec36af.png', 'https://communityforum-backendd.oss-cn-hangzhou.aliyuncs.com/ai_guide/e83da765bd624c2387f91a75791ce861.png', 'png', 2658608, 'oss', 1, '2026-06-21 20:18:14', '2026-06-21 20:18:14', 0);
ALTER TABLE `file_resource` AUTO_INCREMENT = 28;

-- 4. guide_route (10 rows)
INSERT INTO `guide_route` (`id`, `route_name`, `theme`, `cover_url`, `summary`, `description`, `suggest_duration`, `suitable_crowd`, `route_status`, `creator_id`, `create_time`, `update_time`, `deleted`) VALUES
(1, '北京文化深度游', '历史文化', 'https://communityforum-backendd.oss-cn-hangzhou.aliyuncs.com/route/e4c794c1fc0c400cab869df18f6deb7a.png', '探索千年古都的文化底蕴', '这条路线将带你深入北京的历史文化核心，从皇家宫殿到现代艺术，感受这座城市的历史与现代交融之美。', '2天', '文化爱好者/家庭', 1, 1, '2026-06-16 09:16:50', '2026-06-16 09:16:50', 0),
(2, '西安古都探秘', '历史文化', 'https://communityforum-backendd.oss-cn-hangzhou.aliyuncs.com/route/836d362d2cf04cedb76bfa6c7eaa1655.png', '穿越千年，梦回大唐', '西安，十三朝古都，丝绸之路的起点。这条路线将带你领略兵马俑的壮观、古城墙的雄伟、回民街的美食。', '2天', '历史爱好者/亲子', 1, 1, '2026-06-16 09:16:50', '2026-06-16 09:16:50', 0),
(3, '杭州诗意之旅', '自然风光', 'https://communityforum-backendd.oss-cn-hangzhou.aliyuncs.com/route/eb47d87bb62842c1b842fa309a7cd114.png', '上有天堂，下有苏杭', '漫步西湖边，品味龙井茶，感受杭州的诗意与浪漫。这条路线适合慢慢走、慢慢看。', '1-2天', '情侣/文艺青年', 1, 1, '2026-06-16 09:16:50', '2026-06-16 09:16:50', 0),
(4, '云南秘境之旅', '自然风光', 'https://communityforum-backendd.oss-cn-hangzhou.aliyuncs.com/route/ff79952a03084405a1f54353c4a151de.png', '从雪山到热带雨林', '丽江古城的悠闲、玉龙雪山的壮美、泸沽湖的神秘，云南给你一段难忘的旅程。', '5-7天', '摄影爱好者/情侣', 1, 1, '2026-06-16 09:16:50', '2026-06-16 09:16:50', 0),
(5, '上海摩登都市', '现代都市', 'https://communityforum-backendd.oss-cn-hangzhou.aliyuncs.com/route/ad582057e9e543478adbe10ba060faa1.png', '东方明珠的璀璨夜色', '外滩的万国建筑、陆家嘴的摩天大楼、迪士尼的童话世界，感受上海的摩登魅力。', '2-3天', '都市探索者/亲子', 1, 1, '2026-06-16 09:16:50', '2026-06-16 09:16:50', 0),
(6, '海南阳光海滩', '海滨度假', 'https://communityforum-backendd.oss-cn-hangzhou.aliyuncs.com/route/0192c8ae438f4a3ea389b6f20c9bf487.png', '椰风海韵，阳光沙滩', '亚龙湾的碧海蓝天、蜈支洲岛的潜水天堂、南山寺的佛教文化，享受海南的热带风情。', '4-5天', '度假休闲/家庭', 1, 1, '2026-06-16 09:16:50', '2026-06-16 09:16:50', 0),
(7, '测试路线更新-20260616_104620', '历史文化', 'https://example.com/route-cover.jpg', '更新后的路线摘要', '这是自动化测试脚本创建并更新的路线。', '1天', '家庭', 1, 1, '2026-06-16 10:46:21', '2026-06-16 10:46:21', 1),
(8, '测试路线更新-20260616_110047', '历史文化', 'https://example.com/route-cover.jpg', '更新后的路线摘要', '这是自动化测试脚本创建并更新的路线。', '1天', '家庭', 1, 1, '2026-06-16 11:00:47', '2026-06-16 11:00:47', 1),
(9, '江西', '文化', 'https://communityforum-backendd.oss-cn-hangzhou.aliyuncs.com/route/3b5762d5fe6d4ed5b5022fc949ca0c76.png', '江西', '江西', '1-2天', '个人', 1, 1, '2026-06-18 09:54:53', '2026-06-18 09:54:53', 0),
(10, '112', '2', 'https://communityforum-backendd.oss-cn-hangzhou.aliyuncs.com/route/419c2e876ae54ce4ac05416c30991628.png', '21', '21', '21', '21', 1, 1, '2026-06-21 19:24:12', '2026-06-21 19:24:12', 0);
ALTER TABLE `guide_route` AUTO_INCREMENT = 11;

-- 5. guide_route_i18n (4 rows)
INSERT INTO `guide_route_i18n` (`id`, `route_id`, `language_code`, `title`, `summary`, `description`, `travel_tips`, `create_time`, `update_time`, `deleted`) VALUES
(1, 1, 'en-US', 'Beijing Cultural Deep Tour', 'Explore the cultural heritage of the ancient capital', 'This route takes you deep into the cultural heart of Beijing.', 'Wear comfortable shoes. Book Forbidden City tickets in advance.', '2026-06-16 09:16:50', '2026-06-16 09:16:50', 0),
(2, 3, 'en-US', 'Hangzhou Poetic Journey', 'Paradise on Earth', 'Stroll along West Lake, taste Longjing tea, and experience the poetry of Hangzhou.', 'Rent a bicycle to explore the lake area.', '2026-06-16 09:16:50', '2026-06-16 09:16:50', 0),
(3, 7, 'fr-FR', 'Test Route Updated', 'Updated temporary route multilingual content', 'Updated temporary multilingual route content.', 'Still temporary', '2026-06-16 10:46:21', '2026-06-16 10:46:21', 0),
(4, 8, 'fr-FR', 'Test Route Updated', 'Updated temporary route multilingual content', 'Updated temporary multilingual route content.', 'Still temporary', '2026-06-16 11:00:47', '2026-06-16 11:00:47', 0);
ALTER TABLE `guide_route_i18n` AUTO_INCREMENT = 5;

-- 6. guide_route_spot_rel (24 rows)
INSERT INTO `guide_route_spot_rel` (`id`, `route_id`, `scenic_spot_id`, `sort_no`, `stay_duration`, `create_time`, `update_time`, `deleted`) VALUES
(1, 1, 1, 1, '4小时', '2026-06-16 09:16:50', '2026-06-17 14:39:22', 1),
(2, 1, 9, 2, '2小时', '2026-06-16 09:16:50', '2026-06-17 14:39:22', 1),
(3, 2, 2, 1, '4小时', '2026-06-16 09:16:50', '2026-06-17 14:55:36', 1),
(4, 3, 5, 1, '1天', '2026-06-16 09:16:50', '2026-06-17 14:56:16', 1),
(5, 4, 6, 1, '2天', '2026-06-16 09:16:50', '2026-06-17 14:56:38', 1),
(6, 5, 8, 1, '1天', '2026-06-16 09:16:50', '2026-06-17 14:56:57', 1),
(7, 5, 9, 2, '2小时', '2026-06-16 09:16:50', '2026-06-17 14:56:57', 1),
(8, 6, 7, 1, '3天', '2026-06-16 09:16:50', '2026-06-17 14:57:08', 1),
(9, 7, 1, 1, '2小时', '2026-06-16 10:46:21', '2026-06-16 10:46:20', 1),
(10, 7, 2, 2, '2小时', '2026-06-16 10:46:21', '2026-06-16 10:46:20', 1),
(11, 7, 1, 1, '2小时', '2026-06-16 10:46:21', '2026-06-16 10:46:20', 1),
(12, 7, 2, 2, '2小时', '2026-06-16 10:46:21', '2026-06-16 10:46:20', 1),
(13, 8, 1, 1, '2小时', '2026-06-16 11:00:47', '2026-06-16 11:00:47', 1),
(14, 8, 2, 2, '2小时', '2026-06-16 11:00:47', '2026-06-16 11:00:47', 1),
(15, 8, 1, 1, '2小时', '2026-06-16 11:00:47', '2026-06-16 11:00:47', 1),
(16, 8, 2, 2, '2小时', '2026-06-16 11:00:47', '2026-06-16 11:00:47', 1),
(17, 1, 1, 1, NULL, '2026-06-17 16:11:54', '2026-06-17 17:02:21', 1),
(18, 2, 2, 1, NULL, '2026-06-17 16:53:38', '2026-06-17 16:53:38', 0),
(19, 1, 1, 1, NULL, '2026-06-17 17:02:21', '2026-06-17 17:02:28', 1),
(20, 1, 14, 2, NULL, '2026-06-17 17:02:21', '2026-06-17 17:02:28', 1),
(21, 1, 14, 1, NULL, '2026-06-17 17:02:29', '2026-06-17 17:02:29', 0),
(22, 1, 1, 2, NULL, '2026-06-17 17:02:29', '2026-06-17 17:02:29', 0),
(23, 10, 15, 1, NULL, '2026-06-21 19:24:12', '2026-06-21 19:24:33', 1),
(24, 10, 15, 1, NULL, '2026-06-21 19:24:33', '2026-06-21 19:24:33', 0);
ALTER TABLE `guide_route_spot_rel` AUTO_INCREMENT = 25;

-- 7. scenic_category (9 rows)
INSERT INTO `scenic_category` (`id`, `category_name`, `category_desc`, `sort_no`, `category_status`, `create_time`, `update_time`, `deleted`) VALUES
(1, '自然风光', '山水、湖泊、森林等自然景观', 1, 1, '2026-06-16 09:16:50', '2026-06-16 09:16:50', 0),
(2, '历史人文', '古迹、博物馆、文化遗址等', 2, 1, '2026-06-16 09:16:50', '2026-06-16 09:16:50', 0),
(3, '现代都市', '城市地标、商业区、现代建筑', 3, 1, '2026-06-16 09:16:50', '2026-06-16 09:16:50', 0),
(4, '主题乐园', '游乐园、动物园、水族馆等', 4, 1, '2026-06-16 09:16:50', '2026-06-16 09:16:50', 0),
(5, '古镇古村', '传统村落、古镇、民俗村', 5, 1, '2026-06-16 09:16:50', '2026-06-16 09:16:50', 0),
(6, '海滨度假', '海滩、海岛、海滨浴场', 6, 1, '2026-06-16 09:16:50', '2026-06-16 09:16:50', 0),
(7, '测试分类更新-20260616_104620', '自动化测试更新后的分类描述', 99, 1, '2026-06-16 10:46:21', '2026-06-16 10:46:21', 1),
(8, '测试分类更新-20260616_110047', '自动化测试更新后的分类描述', 99, 1, '2026-06-16 11:00:47', '2026-06-16 11:00:47', 1),
(9, '112', '21', 0, 1, '2026-06-21 19:25:01', '2026-06-21 19:25:01', 0);
ALTER TABLE `scenic_category` AUTO_INCREMENT = 10;

-- 8. scenic_spot (15 rows)
INSERT INTO `scenic_spot` (`id`, `category_id`, `spot_name`, `city`, `address`, `longitude`, `latitude`, `cover_url`, `summary`, `description`, `open_time`, `suggest_duration`, `tips`, `hot_score`, `spot_status`, `creator_id`, `view_count`, `create_time`, `update_time`, `deleted`) VALUES
(1, 2, '故宫博物院', '北京', '北京市东城区景山前街4号', 116.397228, 39.916527, 'https://communityforum-backendd.oss-cn-hangzhou.aliyuncs.com/scenic/2c05551b106c43269c29bd534a5b941d.png', '中国明清两代的皇家宫殿，世界上现存规模最大的宫殿型建筑', '故宫博物院成立于1925年，是以明清两代皇宫和宫廷旧藏文物为基础建立的大型综合性博物馆。占地72万平方米，建筑面积约15万平方米，有大小宫殿七十多座，房屋九千余间。收藏有超过186万件文物，是世界上现存规模最大、保存最为完整的木质结构古建筑之一。', '08:30-17:00（周一闭馆）', '3-4小时', '建议提前网上预约购票，周一闭馆', 999, 1, 1, 15720, '2026-06-16 09:16:50', '2026-06-21 19:41:48', 0),
(2, 2, '秦始皇兵马俑', '西安', '陕西省西安市临潼区秦陵北路', 109.278751, 34.373682, 'https://communityforum-backendd.oss-cn-hangzhou.aliyuncs.com/scenic/728c648b34d545ef9075cef283f3aeb7.png', '世界第八大奇迹，中国第一位皇帝的地下军阵', '兵马俑博物馆是中国最大的古代军事博物馆，位于秦始皇陵东侧1.5公里处。已发掘三座兵马俑坑，面积2万多平方米，出土陶俑、陶马约8000件。每个陶俑的面容、发型、手势各不相同，堪称世界雕塑艺术的瑰宝。', '08:30-18:00', '3-4小时', '旺季建议提前3天预约', 980, 1, 1, 12361, '2026-06-16 09:16:50', '2026-06-18 13:46:23', 0),
(3, 1, '九寨沟', '阿坝', '四川省阿坝藏族羌族自治州九寨沟县', 103.917165, 33.263078, 'https://communityforum-backendd.oss-cn-hangzhou.aliyuncs.com/scenic/7e4414a857ed4807a4fbc50caae6e6c7.png', '人间仙境，童话世界，世界自然遗产', '九寨沟以翠海、叠瀑、彩林、雪峰、藏情、蓝冰六绝著称于世。景区内有114个海子，17个瀑布群，11个溪流，5个钙化滩流。被誉为\"美丽的童话世界\"，1992年被列入世界自然遗产名录。', '全天开放', '1-2天', '海拔较高，注意高原反应；秋季最美', 970, 1, 1, 9872, '2026-06-16 09:16:50', '2026-06-17 16:29:14', 0),
(4, 1, '黄山', '黄山', '安徽省黄山市黄山区汤口镇', 118.168833, 30.137418, 'https://communityforum-backendd.oss-cn-hangzhou.aliyuncs.com/scenic/1c53467d72d3458897f54e8103daa035.png', '五岳归来不看山，黄山归来不看岳', '黄山集名山之长，有泰山之雄伟、华山之险峻、衡山之烟云、庐山之瀑布、雁荡之巧石、峨眉之秀丽。以奇松、怪石、云海、温泉\"四绝\"闻名于世。徐霞客曾赞叹：\"薄海内外无如徽之黄山，登黄山天下无山，观止矣！\"', '06:00-17:30', '2天', '建议住山上看日出日出；冬季注意防滑', 960, 1, 1, 8542, '2026-06-16 09:16:50', '2026-06-17 16:29:19', 0),
(5, 2, '西湖', '杭州', '浙江省杭州市西湖区龙井路1号', 120.148732, 30.242828, 'https://communityforum-backendd.oss-cn-hangzhou.aliyuncs.com/scenic/6676543d57b04d2fbb8db9960f0f1819.png', '欲把西湖比西子，淡妆浓抹总相宜', '西湖位于杭州市区西面，南北长3.3公里，东西宽2.8公里，水面面积约5.66平方公里。环湖四周，绿荫环抱，山色葱茏，画桥烟柳，云树笼纱。西湖十景形成于南宋时期，苏堤春晓、曲院风荷、平湖秋月、断桥残雪等闻名遐迩。2011年列入世界文化遗产。', '全天开放', '1天', '免费开放，建议骑行环湖；夜游也很美', 950, 1, 1, 11201, '2026-06-16 09:16:50', '2026-06-16 19:21:29', 0),
(6, 5, '丽江古城', '丽江', '云南省丽江市古城区', 100.227051, 26.872108, 'https://communityforum-backendd.oss-cn-hangzhou.aliyuncs.com/scenic/676c9191fa24492faa191490379b5a87.png', '东方威尼斯，世界文化遗产', '丽江古城始建于宋末元初，已有800多年历史。古城依山傍水，以水为主，家家流水，户户垂杨。城内街道用五花石铺砌，既有山城风貌，又有水乡韵味。纳西古乐、东巴文化、白沙壁画等人文景观令人流连忘返。', '全天开放', '2-3天', '古城维护费50元；注意防晒', 940, 1, 1, 7652, '2026-06-16 09:16:50', '2026-06-17 14:20:33', 0),
(7, 6, '三亚亚龙湾', '三亚', '海南省三亚市吉阳区亚龙湾', 109.639282, 18.191099, 'https://communityforum-backendd.oss-cn-hangzhou.aliyuncs.com/scenic/6ded811033874880a670fff4c645ffff.png', '天下第一湾，东方夏威夷', '亚龙湾位于三亚市东南28公里处，是海南最南端的一个半月形海湾，全长约7.5公里。这里有蓝天、碧海、白沙、绿林，被誉为\"天下第一湾\"。海水清澈见底，能见度达7-9米，是理想的潜水胜地。', '全天开放', '2-3天', '冬季最佳；注意防晒和水上安全', 930, 1, 1, 6894, '2026-06-16 09:16:50', '2026-06-21 19:02:19', 0),
(8, 4, '上海迪士尼乐园', '上海', '上海市浦东新区川沙镇', 121.667361, 31.143321, 'https://communityforum-backendd.oss-cn-hangzhou.aliyuncs.com/scenic/97283894436f4d288872d2b626691eff.png', '点亮心中奇梦', '上海迪士尼乐园是中国内地首座迪士尼主题乐园，于2016年6月16日开幕。拥有六大主题园区：米奇大街、奇想花园、探险岛、宝藏湾、梦幻世界和明日世界。拥有全球迪士尼主题乐园中最大城堡——奇幻童话城堡。', '08:30-20:30', '1天', '建议工作日前往；下载APP查看排队时间', 920, 1, 1, 13505, '2026-06-16 09:16:50', '2026-06-21 19:47:32', 0),
(9, 3, '上海外滩', '上海', '上海市黄浦区中山东一路', 121.493676, 31.230459, NULL, '万国建筑博览群，上海标志性景观', '外滩位于上海市中心黄浦区的黄浦江畔，是最具上海城市象征意义的景观之一。全长1.5公里，东侧 facing 黄浦江，西侧为52幢风格各异的大楼，被称为\"万国建筑博览群\"。夜晚的外滩灯火辉煌，与对岸的陆家嘴摩天大楼群交相辉映。', '全天开放', '1-2小时', '夜景最美；建议傍晚前往', 910, 1, 1, 10201, '2026-06-16 09:16:50', '2026-06-16 19:22:17', 0),
(10, 1, '张家界国家森林公园', '张家界', '湖南省张家界市武陵源区', 110.479796, 29.326168, NULL, '缩小的仙境，放大的盆景', '张家界国家森林公园是中国第一个国家森林公园，以峰称奇、以谷显幽、以林见秀。三千座石峰拔地而起，八百条溪流蜿蜒曲折。电影《阿凡达》中的悬浮山就是以这里的南天一柱（哈利路亚山）为原型。', '07:00-18:00', '2-3天', '山路较多，穿舒适运动鞋；雨季注意防滑', 900, 1, 1, 7230, '2026-06-16 09:16:50', '2026-06-16 09:16:50', 0),
(11, 1, '测试景点更新-20260616_104620', '杭州', '浙江省杭州市西湖区测试路 1 号', 120.120000, 30.280000, 'https://example.com/test-cover.jpg', '更新后的测试景点摘要', '这是自动化测试脚本创建并更新的景点。', '全天开放', '2小时', '仅用于接口测试', 0, 1, 1, 0, '2026-06-16 10:46:21', '2026-06-16 10:46:21', 1),
(12, 1, '测试景点更新-20260616_110047', '杭州', '浙江省杭州市西湖区测试路 1 号', 120.120000, 30.280000, 'https://example.com/test-cover.jpg', '更新后的测试景点摘要', '这是自动化测试脚本创建并更新的景点。', '全天开放', '2小时', '仅用于接口测试', 0, 1, 1, 0, '2026-06-16 11:00:47', '2026-06-16 11:00:47', 1),
(13, 1, '111', '1', '1', NULL, NULL, '', '', '', '', '1', NULL, 0, 0, 1, 0, '2026-06-17 15:12:29', '2026-06-17 15:12:29', 0),
(14, 2, '北京', '北京', '北京', NULL, NULL, 'https://communityforum-backendd.oss-cn-hangzhou.aliyuncs.com/scenic/4ffec42dab3147989c3e193a61e9babd.png', '北京北京', '', '', '1-2天', NULL, 0, 1, 1, 1, '2026-06-17 17:02:10', '2026-06-21 19:27:15', 0),
(15, 1, '112', '123', '123', NULL, NULL, 'https://communityforum-backendd.oss-cn-hangzhou.aliyuncs.com/scenic/cb47d7c6ebc34c118557e990bc8fc7e2.png', '12', '12', '2', '', NULL, 0, 1, 1, 0, '2026-06-21 19:23:19', '2026-06-21 19:23:19', 0);
ALTER TABLE `scenic_spot` AUTO_INCREMENT = 16;

-- 9. scenic_spot_i18n (7 rows)
INSERT INTO `scenic_spot_i18n` (`id`, `scenic_spot_id`, `language_code`, `title`, `summary`, `description`, `tips`, `create_time`, `update_time`, `deleted`) VALUES
(1, 1, 'en-US', 'The Forbidden City', 'The imperial palace of Chinese emperors', 'The Forbidden City, located in the center of Beijing, was the Chinese imperial palace from the Ming dynasty to the end of the Qing dynasty. It is now home to the Palace Museum.', 'Advance booking recommended. Closed on Mondays.', '2026-06-16 09:16:50', '2026-06-16 09:16:50', 0),
(2, 1, 'ja-JP', '故宮博物院', '中国明清時代の皇宮', '故宮博物院は、明・清時代の皇帝の宮殿を基に設立された博物館です。72万平方メートルの敷地に9000以上の部屋があります。', '事前予約が必要です。月曜日は休館です。', '2026-06-16 09:16:50', '2026-06-16 09:16:50', 0),
(3, 2, 'en-US', 'Terracotta Warriors', 'The Eighth Wonder of the World', 'The Terracotta Army is a collection of terracotta sculptures depicting the armies of Qin Shi Huang, the first Emperor of China.', 'Book tickets 3 days in advance during peak season.', '2026-06-16 09:16:50', '2026-06-16 09:16:50', 0),
(4, 5, 'en-US', 'West Lake', 'A UNESCO World Heritage Site', 'West Lake is a freshwater lake in Hangzhou, China. It has influenced poets and painters throughout Chinese history for its natural beauty and historic relics.', 'Free admission. Cycling around the lake is recommended.', '2026-06-16 09:16:50', '2026-06-16 09:16:50', 0),
(5, 3, 'en-US', 'Jiuzhaigou Valley', 'A Fairyland on Earth', 'Jiuzhaigou is a nature reserve and national park in Sichuan province, famous for its multi-colored lakes, waterfalls, and snow-capped peaks.', 'High altitude - watch for altitude sickness. Autumn is the most beautiful season.', '2026-06-16 09:16:50', '2026-06-16 09:16:50', 0),
(6, 11, 'fr-FR', 'Test Scenic Spot Updated', 'Updated multilingual entry', 'Updated temporary multilingual entry.', 'Still temporary', '2026-06-16 10:46:21', '2026-06-16 10:46:21', 0),
(7, 12, 'fr-FR', 'Test Scenic Spot Updated', 'Updated multilingual entry', 'Updated temporary multilingual entry.', 'Still temporary', '2026-06-16 11:00:47', '2026-06-16 11:00:47', 0);
ALTER TABLE `scenic_spot_i18n` AUTO_INCREMENT = 8;

-- 10. scenic_spot_media (13 rows)
INSERT INTO `scenic_spot_media` (`id`, `scenic_spot_id`, `media_type`, `media_url`, `media_name`, `sort_no`, `create_time`, `update_time`, `deleted`) VALUES
(1, 1, 'image', 'https://communityforum-backendd.oss-cn-hangzhou.aliyuncs.com/scenic/forbidden-city-1.jpg', '故宫全景', 1, '2026-06-16 09:16:50', '2026-06-17 10:57:40', 1),
(2, 1, 'image', 'https://communityforum-backendd.oss-cn-hangzhou.aliyuncs.com/scenic/forbidden-city-2.jpg', '太和殿', 2, '2026-06-16 09:16:50', '2026-06-17 10:57:41', 1),
(3, 2, 'image', 'https://communityforum-backendd.oss-cn-hangzhou.aliyuncs.com/scenic/terracotta-1.jpg', '兵马俑一号坑', 1, '2026-06-16 09:16:50', '2026-06-17 13:55:15', 1),
(4, 3, 'image', 'https://communityforum-backendd.oss-cn-hangzhou.aliyuncs.com/scenic/jiuzhaigou-1.jpg', '九寨沟五花海', 1, '2026-06-16 09:16:50', '2026-06-16 09:16:50', 0),
(5, 5, 'image', 'https://communityforum-backendd.oss-cn-hangzhou.aliyuncs.com/scenic/westlake-1.jpg', '西湖全景', 1, '2026-06-16 09:16:50', '2026-06-16 09:16:50', 0),
(6, 11, 'image', 'https://example.com/test-media.jpg', 'test-media', 1, '2026-06-16 10:46:21', '2026-06-16 10:46:21', 1),
(7, 12, 'image', 'https://example.com/test-media.jpg', 'test-media', 1, '2026-06-16 11:00:47', '2026-06-16 11:00:47', 1),
(8, 1, 'IMAGE', 'https://communityforum-backendd.oss-cn-hangzhou.aliyuncs.com/scenic/0ec476beed4f4d21996a956fc473ec5b.png', '故宫1.png', 1, '2026-06-17 11:08:37', '2026-06-17 11:08:37', 0),
(9, 1, 'IMAGE', 'https://communityforum-backendd.oss-cn-hangzhou.aliyuncs.com/scenic/1b4309595d4041daa9552e65db4ba6e9.png', '故宫2.png', 2, '2026-06-17 11:15:43', '2026-06-17 11:15:43', 0),
(10, 1, 'IMAGE', 'https://communityforum-backendd.oss-cn-hangzhou.aliyuncs.com/scenic/140719f975944ce7b05d4e59f525409d.png', '故宫3.png', 3, '2026-06-17 11:15:50', '2026-06-17 11:15:50', 0),
(11, 2, 'IMAGE', 'https://communityforum-backendd.oss-cn-hangzhou.aliyuncs.com/scenic/835ed2b7302645dbbb64e847751af6a2.png', '兵马俑2.png', 1, '2026-06-17 13:55:28', '2026-06-17 13:55:28', 0),
(12, 2, 'IMAGE', 'https://communityforum-backendd.oss-cn-hangzhou.aliyuncs.com/scenic/e079b4c7be8b4a4fbf5b6dc5abadd307.png', '兵马俑1.png', 2, '2026-06-17 13:55:29', '2026-06-17 13:55:29', 0),
(13, 2, 'IMAGE', 'https://communityforum-backendd.oss-cn-hangzhou.aliyuncs.com/scenic/2bc9725e70cc4a78a18e4fef9505b1c5.png', '兵马俑3.png', 3, '2026-06-17 13:55:29', '2026-06-17 13:55:29', 0);
ALTER TABLE `scenic_spot_media` AUTO_INCREMENT = 14;

-- 11. sys_user (6 rows)
INSERT INTO `sys_user` (`id`, `username`, `password`, `nickname`, `avatar_url`, `role_code`, `user_status`, `email`, `phone`, `last_login_time`, `create_time`, `update_time`, `deleted`) VALUES
(1, 'admin', '7b69a37373a57a1a2d5d4e1a322252be', '管理员', 'https://communityforum-backendd.oss-cn-hangzhou.aliyuncs.com/user_avatar/501a870c5d27412f9dcd40c1f6bea445.png', 'ADMIN', 1, 'admin@aiguide.com', '13800000001', '2026-06-21 20:08:23', '2026-06-16 09:16:50', '2026-06-21 20:08:23', 0),
(2, 'tourist', '7b69a37373a57a1a2d5d4e1a322252be', '游客_20260616_110019', NULL, 'TOURIST', 1, 'tourist+api@test.com', '13800009999', '2026-06-16 11:00:20', '2026-06-16 09:16:50', '2026-06-16 11:00:47', 0),
(3, 'zhangsan', 'e10adc3949ba59abbe56e057f20f883e', '张三', NULL, 'TOURIST', 1, 'zhangsan@test.com', '13800000003', NULL, '2026-06-16 09:16:50', '2026-06-16 09:16:50', 0),
(4, 'lisi', 'e10adc3949ba59abbe56e057f20f883e', '李四', NULL, 'TOURIST', 1, 'lisi@test.com', '13800000004', NULL, '2026-06-16 09:16:50', '2026-06-16 09:16:50', 0),
(5, 'wangwu', 'e10adc3949ba59abbe56e057f20f883e', '王五', NULL, 'TOURIST', 0, 'wangwu@test.com', '13800000005', NULL, '2026-06-16 09:16:50', '2026-06-16 09:16:50', 0),
(7, 'api_test_user_002', '7b69a37373a57a1a2d5d4e1a322252be', 'ApiTestUser002', NULL, 'TOURIST', 1, NULL, NULL, NULL, '2026-06-16 10:45:50', '2026-06-16 10:45:50', 0);
ALTER TABLE `sys_user` AUTO_INCREMENT = 8;

-- 12. user_favorite (14 rows)
INSERT INTO `user_favorite` (`id`, `user_id`, `biz_type`, `biz_id`, `create_time`, `update_time`, `deleted`) VALUES
(1, 2, 'SCENIC', 1, '2026-06-16 09:16:50', '2026-06-16 09:16:50', 0),
(2, 2, 'SCENIC', 3, '2026-06-16 09:16:50', '2026-06-16 09:16:50', 0),
(3, 2, 'ROUTE', 1, '2026-06-16 09:16:50', '2026-06-16 10:45:50', 1),
(4, 3, 'SCENIC', 5, '2026-06-16 09:16:50', '2026-06-16 09:16:50', 0),
(5, 3, 'SCENIC', 6, '2026-06-16 09:16:50', '2026-06-16 09:16:50', 0),
(6, 4, 'SCENIC', 1, '2026-06-16 09:16:50', '2026-06-16 09:16:50', 0),
(7, 4, 'ROUTE', 3, '2026-06-16 09:16:50', '2026-06-16 09:16:50', 0),
(8, 2, 'SCENIC', 2, '2026-06-16 10:45:50', '2026-06-16 10:45:50', 1),
(11, 1, 'SCENIC', 1, '2026-06-17 15:00:28', '2026-06-21 20:00:16', 1),
(12, 1, 'SCENIC', 2, '2026-06-17 16:29:10', '2026-06-17 16:29:10', 0),
(13, 1, 'SCENIC', 3, '2026-06-17 16:29:16', '2026-06-17 16:29:16', 0),
(14, 1, 'SCENIC', 4, '2026-06-17 16:29:20', '2026-06-17 16:29:20', 0),
(30, 1, 'ROUTE', 1, '2026-06-18 09:24:46', '2026-06-18 09:24:46', 0),
(31, 1, 'SCENIC', 8, '2026-06-21 19:43:02', '2026-06-21 19:43:02', 0);
ALTER TABLE `user_favorite` AUTO_INCREMENT = 32;

-- 13. user_feedback (6 rows)
INSERT INTO `user_feedback` (`id`, `user_id`, `feedback_type`, `content`, `contact_info`, `feedback_status`, `reply_content`, `reply_time`, `create_time`, `update_time`, `deleted`) VALUES
(1, 2, 'SUGGESTION', '希望能增加更多英文讲解内容', 'tourist@test.com', 1, '感谢建议，我们正在持续完善多语种内容', '2026-06-16 09:16:50', '2026-06-16 09:16:50', '2026-06-16 09:16:50', 0),
(2, 3, 'BUG', '景点详情页图片加载较慢', NULL, 0, NULL, NULL, '2026-06-16 09:16:50', '2026-06-16 09:16:50', 0),
(3, 4, 'SUGGESTION', '希望增加语音导览功能', 'zhangsan@test.com', 0, NULL, NULL, '2026-06-16 09:16:50', '2026-06-16 09:16:50', 0),
(4, 2, 'BUG', '接口自动化测试反馈 20260616_104550', 'tourist+api@test.com', 1, '收到，已记录并进入自动化回归验证。', '2026-06-16 10:45:50', '2026-06-16 10:45:50', '2026-06-16 10:45:50', 0),
(5, 2, 'BUG', '接口自动化测试反馈 20260616_110019', 'tourist+api@test.com', 1, '收到，已记录并进入自动化回归验证。', '2026-06-16 11:00:20', '2026-06-16 11:00:20', '2026-06-16 11:00:20', 0),
(6, 1, 'SUGGESTION', '111测试', '123232', 1, '好的', '2026-06-18 10:19:47', '2026-06-18 10:13:41', '2026-06-18 10:13:41', 0);
ALTER TABLE `user_feedback` AUTO_INCREMENT = 7;

SET FOREIGN_KEY_CHECKS = 1;
